"","cost","degree","trainAcc","valAcc","valPrecision","valRecall","valF1_score","testAcc","testPrecision","testRecall","testF1_score"
"1",1,1,0.661245537485125,0.675,0.592207792207792,0.662790697674419,0.625514403292181,0.673008323424495,0.619047619047619,0.641095890410959,0.629878869448183
"2",11,1,0.661245537485125,0.676190476190476,0.59375,0.662790697674419,0.626373626373626,0.673008323424495,0.619047619047619,0.641095890410959,0.629878869448183
"3",21,1,0.661245537485125,0.675,0.592207792207792,0.662790697674419,0.625514403292181,0.673008323424495,0.619047619047619,0.641095890410959,0.629878869448183
"4",31,1,0.661642205474018,0.676190476190476,0.59375,0.662790697674419,0.626373626373626,0.673008323424495,0.619047619047619,0.641095890410959,0.629878869448183
"5",41,1,0.661245537485125,0.675,0.592207792207792,0.662790697674419,0.625514403292181,0.673008323424495,0.619047619047619,0.641095890410959,0.629878869448183
"6",51,1,0.661642205474018,0.676190476190476,0.59375,0.662790697674419,0.626373626373626,0.673008323424495,0.619047619047619,0.641095890410959,0.629878869448183
"7",61,1,0.661245537485125,0.675,0.592207792207792,0.662790697674419,0.625514403292181,0.673008323424495,0.619047619047619,0.641095890410959,0.629878869448183
"8",71,1,0.661245537485125,0.676190476190476,0.59375,0.662790697674419,0.626373626373626,0.673008323424495,0.619047619047619,0.641095890410959,0.629878869448183
"9",81,1,0.661245537485125,0.676190476190476,0.59375,0.662790697674419,0.626373626373626,0.673008323424495,0.619047619047619,0.641095890410959,0.629878869448183
"10",91,1,0.661245537485125,0.675,0.592207792207792,0.662790697674419,0.625514403292181,0.673008323424495,0.619047619047619,0.641095890410959,0.629878869448183
"11",101,1,0.661245537485125,0.675,0.592207792207792,0.662790697674419,0.625514403292181,0.673008323424495,0.619047619047619,0.641095890410959,0.629878869448183
"12",111,1,0.661642205474018,0.676190476190476,0.59375,0.662790697674419,0.626373626373626,0.673008323424495,0.619047619047619,0.641095890410959,0.629878869448183
"13",121,1,0.661245537485125,0.676190476190476,0.59375,0.662790697674419,0.626373626373626,0.673008323424495,0.619047619047619,0.641095890410959,0.629878869448183
"14",131,1,0.661245537485125,0.676190476190476,0.59375,0.662790697674419,0.626373626373626,0.673008323424495,0.619047619047619,0.641095890410959,0.629878869448183
"15",141,1,0.661642205474018,0.676190476190476,0.59375,0.662790697674419,0.626373626373626,0.673008323424495,0.619047619047619,0.641095890410959,0.629878869448183
"16",151,1,0.661245537485125,0.676190476190476,0.59375,0.662790697674419,0.626373626373626,0.673008323424495,0.619047619047619,0.641095890410959,0.629878869448183
"17",161,1,0.661245537485125,0.676190476190476,0.59375,0.662790697674419,0.626373626373626,0.673008323424495,0.619047619047619,0.641095890410959,0.629878869448183
"18",171,1,0.661245537485125,0.676190476190476,0.59375,0.662790697674419,0.626373626373626,0.673008323424495,0.619047619047619,0.641095890410959,0.629878869448183
"19",181,1,0.661245537485125,0.676190476190476,0.59375,0.662790697674419,0.626373626373626,0.673008323424495,0.619047619047619,0.641095890410959,0.629878869448183
"20",191,1,0.661642205474018,0.676190476190476,0.59375,0.662790697674419,0.626373626373626,0.671819262782402,0.617414248021108,0.641095890410959,0.629032258064516
"21",201,1,0.661245537485125,0.676190476190476,0.59375,0.662790697674419,0.626373626373626,0.671819262782402,0.617414248021108,0.641095890410959,0.629032258064516
"22",211,1,0.662038873462912,0.676190476190476,0.59375,0.662790697674419,0.626373626373626,0.671819262782402,0.617414248021108,0.641095890410959,0.629032258064516
"23",221,1,0.662038873462912,0.676190476190476,0.59375,0.662790697674419,0.626373626373626,0.671819262782402,0.617414248021108,0.641095890410959,0.629032258064516
"24",231,1,0.661642205474018,0.676190476190476,0.59375,0.662790697674419,0.626373626373626,0.671819262782402,0.617414248021108,0.641095890410959,0.629032258064516
"25",241,1,0.662038873462912,0.676190476190476,0.59375,0.662790697674419,0.626373626373626,0.671819262782402,0.617414248021108,0.641095890410959,0.629032258064516
"26",251,1,0.662038873462912,0.675,0.592207792207792,0.662790697674419,0.625514403292181,0.671819262782402,0.617414248021108,0.641095890410959,0.629032258064516
"27",261,1,0.661642205474018,0.676190476190476,0.59375,0.662790697674419,0.626373626373626,0.671819262782402,0.617414248021108,0.641095890410959,0.629032258064516
"28",271,1,0.662038873462912,0.676190476190476,0.59375,0.662790697674419,0.626373626373626,0.673008323424495,0.619047619047619,0.641095890410959,0.629878869448183
"29",281,1,0.661245537485125,0.676190476190476,0.59375,0.662790697674419,0.626373626373626,0.671819262782402,0.617414248021108,0.641095890410959,0.629032258064516
"30",291,1,0.660055533518445,0.675,0.592207792207792,0.662790697674419,0.625514403292181,0.671819262782402,0.617414248021108,0.641095890410959,0.629032258064516
"31",301,1,0.661642205474018,0.675,0.592207792207792,0.662790697674419,0.625514403292181,0.671819262782402,0.617414248021108,0.641095890410959,0.629032258064516
"32",311,1,0.661642205474018,0.676190476190476,0.59375,0.662790697674419,0.626373626373626,0.673008323424495,0.619047619047619,0.641095890410959,0.629878869448183
"33",321,1,0.661642205474018,0.676190476190476,0.59375,0.662790697674419,0.626373626373626,0.673008323424495,0.619047619047619,0.641095890410959,0.629878869448183
"34",331,1,0.661642205474018,0.675,0.592207792207792,0.662790697674419,0.625514403292181,0.671819262782402,0.617414248021108,0.641095890410959,0.629032258064516
"35",341,1,0.663625545418485,0.676190476190476,0.593264248704663,0.665697674418605,0.627397260273973,0.673008323424495,0.61968085106383,0.638356164383562,0.628879892037787
"36",351,1,0.661642205474018,0.675,0.592207792207792,0.662790697674419,0.625514403292181,0.673008323424495,0.619047619047619,0.641095890410959,0.629878869448183
"37",361,1,0.662038873462912,0.676190476190476,0.59375,0.662790697674419,0.626373626373626,0.673008323424495,0.619047619047619,0.641095890410959,0.629878869448183
"38",371,1,0.662038873462912,0.675,0.592207792207792,0.662790697674419,0.625514403292181,0.671819262782402,0.617414248021108,0.641095890410959,0.629032258064516
"39",381,1,0.660055533518445,0.675,0.591259640102828,0.668604651162791,0.627557980900409,0.671819262782402,0.616797900262467,0.643835616438356,0.630026809651475
"40",391,1,0.658865529551765,0.675,0.591731266149871,0.665697674418605,0.626538987688098,0.671819262782402,0.616797900262467,0.643835616438356,0.630026809651475
"41",401,1,0.661642205474018,0.676190476190476,0.59375,0.662790697674419,0.626373626373626,0.671819262782402,0.618037135278515,0.638356164383562,0.628032345013477
"42",411,1,0.662435541451805,0.673809523809524,0.590673575129534,0.662790697674419,0.624657534246575,0.67538644470868,0.622340425531915,0.641095890410959,0.631578947368421
"43",421,1,0.661642205474018,0.675,0.592207792207792,0.662790697674419,0.625514403292181,0.673008323424495,0.619047619047619,0.641095890410959,0.629878869448183
"44",431,1,0.660452201507338,0.672619047619048,0.591029023746702,0.651162790697674,0.619640387275242,0.673008323424495,0.620320855614973,0.635616438356164,0.62787550744249
"45",441,1,0.660452201507338,0.678571428571429,0.596354166666667,0.665697674418605,0.629120879120879,0.677764565992866,0.62303664921466,0.652054794520548,0.637215528781794
"46",451,1,0.661642205474018,0.676190476190476,0.59375,0.662790697674419,0.626373626373626,0.673008323424495,0.619047619047619,0.641095890410959,0.629878869448183
"47",461,1,0.658865529551765,0.672619047619048,0.588688946015424,0.665697674418605,0.624829467939973,0.668252080856124,0.611979166666667,0.643835616438356,0.627503337783712
"48",471,1,0.660055533518445,0.673809523809524,0.590673575129534,0.662790697674419,0.624657534246575,0.669441141498216,0.614173228346457,0.641095890410959,0.627345844504021
"49",481,1,0.662038873462912,0.670238095238095,0.584382871536524,0.674418604651163,0.626180836707153,0.664684898929845,0.607235142118863,0.643835616438356,0.625
"50",491,1,0.662038873462912,0.673809523809524,0.59020618556701,0.665697674418605,0.62568306010929,0.671819262782402,0.616797900262467,0.643835616438356,0.630026809651475
"51",1,2,0.758032526775089,0.759523809523809,0.682051282051282,0.773255813953488,0.724795640326975,0.751486325802616,0.696969696969697,0.756164383561644,0.725361366622865
"52",11,2,0.758429194763983,0.759523809523809,0.682051282051282,0.773255813953488,0.724795640326975,0.750297265160523,0.69620253164557,0.753424657534247,0.723684210526316
"53",21,2,0.758429194763983,0.759523809523809,0.682051282051282,0.773255813953488,0.724795640326975,0.751486325802616,0.696969696969697,0.756164383561644,0.725361366622865
"54",31,2,0.759619198730662,0.763095238095238,0.683544303797468,0.784883720930233,0.730717185385656,0.752675386444709,0.697732997481108,0.758904109589041,0.727034120734908
"55",41,2,0.760412534708449,0.759523809523809,0.681122448979592,0.776162790697674,0.72554347826087,0.750297265160523,0.69620253164557,0.753424657534247,0.723684210526316
"56",51,2,0.760809202697342,0.758333333333333,0.679389312977099,0.776162790697674,0.724559023066486,0.755053507728894,0.698254364089776,0.767123287671233,0.731070496083551
"57",61,2,0.761205870686236,0.755952380952381,0.675062972292191,0.779069767441861,0.723346828609987,0.74910820451843,0.691542288557214,0.761643835616438,0.72490221642764
"58",71,2,0.758429194763983,0.760714285714286,0.684754521963824,0.770348837209302,0.725034199726402,0.752675386444709,0.697732997481108,0.758904109589041,0.727034120734908
"59",81,2,0.760809202697342,0.759523809523809,0.682051282051282,0.773255813953488,0.724795640326975,0.752675386444709,0.69873417721519,0.756164383561644,0.726315789473684
"60",91,2,0.758825862752876,0.759523809523809,0.679292929292929,0.781976744186046,0.727027027027027,0.74910820451843,0.694444444444444,0.753424657534247,0.722733245729303
"61",101,2,0.758825862752876,0.759523809523809,0.680203045685279,0.779069767441861,0.726287262872629,0.750297265160523,0.695214105793451,0.756164383561644,0.724409448818898
"62",111,2,0.758032526775089,0.755952380952381,0.67866323907455,0.767441860465116,0.720327421555252,0.752675386444709,0.699745547073791,0.753424657534247,0.725593667546174
"63",121,2,0.758032526775089,0.758333333333333,0.681233933161954,0.770348837209302,0.723055934515689,0.74910820451843,0.695431472081218,0.750684931506849,0.722002635046113
"64",131,2,0.762395874652915,0.758333333333333,0.680306905370844,0.773255813953488,0.723809523809524,0.750297265160523,0.69620253164557,0.753424657534247,0.723684210526316
"65",141,2,0.74851249504165,0.748809523809524,0.670951156812339,0.758720930232558,0.712141882673943,0.734839476813318,0.678391959798995,0.73972602739726,0.707732634338139
"66",151,2,0.763982546608489,0.760714285714286,0.685714285714286,0.767441860465116,0.724279835390947,0.753864447086801,0.6975,0.764383561643836,0.729411764705882
"67",161,2,0.758429194763983,0.763095238095238,0.688311688311688,0.770348837209302,0.727023319615912,0.74910820451843,0.698453608247423,0.742465753424657,0.719787516600266
"68",171,2,0.755652518841729,0.759523809523809,0.68298969072165,0.770348837209302,0.724043715846995,0.753864447086801,0.69949494949495,0.758904109589041,0.727989487516426
"69",181,2,0.749305831019437,0.746428571428571,0.667519181585678,0.758720930232558,0.710204081632653,0.745541022592152,0.687344913151365,0.758904109589041,0.721354166666667
"70",191,2,0.762395874652915,0.757142857142857,0.675,0.784883720930233,0.725806451612903,0.746730083234245,0.69,0.756164383561644,0.72156862745098
"71",201,2,0.760412534708449,0.760714285714286,0.678304239401496,0.790697674418605,0.730201342281879,0.752675386444709,0.696741854636591,0.761643835616438,0.727748691099476
"72",211,2,0.760412534708449,0.752380952380952,0.675257731958763,0.761627906976744,0.715846994535519,0.745541022592152,0.691139240506329,0.747945205479452,0.718421052631579
"73",221,2,0.758825862752876,0.761904761904762,0.689473684210526,0.761627906976744,0.723756906077348,0.747919143876338,0.695652173913043,0.745205479452055,0.71957671957672
"74",231,2,0.760412534708449,0.755952380952381,0.674185463659148,0.781976744186046,0.724091520861373,0.75743162901308,0.70379746835443,0.761643835616438,0.731578947368421
"75",241,2,0.759222530741769,0.755952380952381,0.675949367088608,0.776162790697674,0.722598105548038,0.753864447086801,0.698492462311558,0.761643835616438,0.72870249017038
"76",251,2,0.754859182863943,0.757142857142857,0.678571428571429,0.773255813953488,0.722826086956522,0.747919143876338,0.691729323308271,0.756164383561644,0.722513089005235
"77",261,2,0.758825862752876,0.764285714285714,0.691099476439791,0.767441860465116,0.727272727272727,0.74910820451843,0.698453608247423,0.742465753424657,0.719787516600266
"78",271,2,0.762395874652915,0.766666666666667,0.686868686868687,0.790697674418605,0.735135135135135,0.752675386444709,0.696741854636591,0.761643835616438,0.727748691099476
"79",281,2,0.756842522808409,0.767857142857143,0.689567430025445,0.787790697674419,0.735413839891452,0.746730083234245,0.690954773869347,0.753424657534247,0.72083879423329
"80",291,2,0.760015866719556,0.76547619047619,0.693931398416887,0.76453488372093,0.727524204702628,0.74910820451843,0.697435897435897,0.745205479452055,0.720529801324503
"81",301,2,0.756445854819516,0.758333333333333,0.675810473815461,0.787790697674419,0.72751677852349,0.744351961950059,0.6875,0.753424657534247,0.718954248366013
"82",311,2,0.761999206664022,0.760714285714286,0.681012658227848,0.781976744186046,0.728010825439783,0.753864447086801,0.6975,0.764383561643836,0.729411764705882
"83",321,2,0.764379214597382,0.758333333333333,0.677581863979849,0.781976744186046,0.726045883940621,0.747919143876338,0.692695214105793,0.753424657534247,0.721784776902887
"84",331,2,0.760412534708449,0.763095238095238,0.684478371501272,0.781976744186046,0.729986431478969,0.747919143876338,0.691729323308271,0.756164383561644,0.722513089005235
"85",341,2,0.759619198730662,0.763095238095238,0.683544303797468,0.784883720930233,0.730717185385656,0.751486325802616,0.695979899497487,0.758904109589041,0.72608125819135
"86",351,2,0.763189210630702,0.758333333333333,0.684073107049608,0.761627906976744,0.720770288858322,0.753864447086801,0.702564102564103,0.750684931506849,0.725827814569536
"87",361,2,0.75446251487505,0.758333333333333,0.678481012658228,0.779069767441861,0.725304465493911,0.745541022592152,0.690176322418136,0.750684931506849,0.719160104986877
"88",371,2,0.761602538675129,0.764285714285714,0.685279187817259,0.784883720930233,0.731707317073171,0.747919143876338,0.690773067331671,0.758904109589041,0.723237597911227
"89",381,2,0.758032526775089,0.752380952380952,0.669154228855721,0.781976744186046,0.721179624664879,0.744351961950059,0.6875,0.753424657534247,0.718954248366013
"90",391,2,0.762792542641809,0.764285714285714,0.684343434343434,0.787790697674419,0.732432432432433,0.753864447086801,0.696517412935323,0.767123287671233,0.730117340286832
"91",401,2,0.763585878619595,0.758333333333333,0.678481012658228,0.779069767441861,0.725304465493911,0.747919143876338,0.693670886075949,0.750684931506849,0.721052631578947
"92",411,2,0.761205870686236,0.763095238095238,0.681704260651629,0.790697674418605,0.732166890982503,0.750297265160523,0.693266832917706,0.761643835616438,0.725848563968668
"93",421,2,0.761999206664022,0.754761904761905,0.6751269035533,0.773255813953488,0.720867208672087,0.745541022592152,0.691139240506329,0.747945205479452,0.718421052631579
"94",431,2,0.758825862752876,0.76547619047619,0.688946015424165,0.779069767441861,0.731241473396999,0.74910820451843,0.693467336683417,0.756164383561644,0.72346002621232
"95",441,2,0.766362554541848,0.76547619047619,0.687979539641944,0.781976744186046,0.731972789115646,0.753864447086801,0.702564102564103,0.750684931506849,0.725827814569536
"96",451,2,0.761205870686236,0.757142857142857,0.674129353233831,0.787790697674419,0.726541554959786,0.755053507728894,0.698254364089776,0.767123287671233,0.731070496083551
"97",461,2,0.757635858786196,0.752380952380952,0.67258883248731,0.770348837209302,0.718157181571816,0.750297265160523,0.692307692307692,0.764383561643836,0.7265625
"98",471,2,0.759222530741769,0.759523809523809,0.681122448979592,0.776162790697674,0.72554347826087,0.750297265160523,0.693266832917706,0.761643835616438,0.725848563968668
"99",481,2,0.754065846886156,0.75,0.665841584158416,0.781976744186046,0.719251336898396,0.746730083234245,0.685365853658537,0.76986301369863,0.725161290322581
"100",491,2,0.760809202697342,0.757142857142857,0.675879396984925,0.781976744186046,0.725067385444744,0.747919143876338,0.688888888888889,0.764383561643836,0.724675324675325
"101",1,3,0.847679492264974,0.817857142857143,0.77521613832853,0.781976744186046,0.778581765557164,0.79667063020214,0.762162162162162,0.772602739726027,0.76734693877551
"102",11,3,0.844902816342721,0.816666666666667,0.768361581920904,0.790697674418605,0.779369627507163,0.794292508917955,0.758064516129032,0.772602739726027,0.765264586160109
"103",21,3,0.781435938119794,0.775,0.712328767123288,0.755813953488372,0.73342736248237,0.746730083234245,0.7,0.728767123287671,0.714093959731544
"104",31,3,0.802459341531138,0.778571428571429,0.704663212435233,0.790697674418605,0.745205479452055,0.760998810939358,0.709183673469388,0.761643835616438,0.73447820343461
"105",41,3,0.830226100753669,0.807142857142857,0.735751295336788,0.825581395348837,0.778082191780822,0.785969084423306,0.745358090185676,0.76986301369863,0.757412398921833
"106",51,3,0.804046013486712,0.780952380952381,0.705128205128205,0.799418604651163,0.749318801089918,0.763376932223543,0.708542713567839,0.772602739726027,0.739187418086501
"107",61,3,0.805236017453391,0.773809523809524,0.702631578947368,0.776162790697674,0.737569060773481,0.760998810939358,0.709183673469388,0.761643835616438,0.73447820343461
"108",71,3,0.809599365331218,0.788095238095238,0.717277486910995,0.796511627906977,0.754820936639118,0.769322235434007,0.71536523929471,0.778082191780822,0.745406824146982
"109",81,3,0.814756049186831,0.777380952380952,0.703896103896104,0.787790697674419,0.743484224965707,0.771700356718193,0.722365038560411,0.76986301369863,0.745358090185676
"110",91,3,0.809202697342325,0.778571428571429,0.706806282722513,0.784883720930233,0.743801652892562,0.777645659928656,0.729381443298969,0.775342465753425,0.751660026560425
"111",101,3,0.798095993653312,0.783333333333333,0.709844559585492,0.796511627906977,0.750684931506849,0.769322235434007,0.720930232558139,0.764383561643836,0.742021276595745
"112",111,3,0.808409361364538,0.773809523809524,0.703703703703704,0.773255813953488,0.736842105263158,0.781212841854935,0.73027989821883,0.786301369863014,0.757255936675462
"113",121,3,0.802856009520032,0.776190476190476,0.704188481675393,0.781976744186046,0.741046831955923,0.778834720570749,0.727735368956743,0.783561643835616,0.754617414248021
"114",131,3,0.809599365331218,0.791666666666667,0.720626631853786,0.802325581395349,0.759284731774415,0.764565992865636,0.713554987212276,0.764383561643836,0.738095238095238
"115",141,3,0.81832606108687,0.796428571428571,0.733153638814016,0.790697674418605,0.760839160839161,0.780023781212842,0.727272727272727,0.789041095890411,0.756898817345598
"116",151,3,0.809202697342325,0.78452380952381,0.719676549865229,0.776162790697674,0.746853146853147,0.769322235434007,0.720930232558139,0.764383561643836,0.742021276595745
"117",161,3,0.803649345497818,0.766666666666667,0.688775510204082,0.784883720930233,0.733695652173913,0.766944114149822,0.708641975308642,0.786301369863014,0.745454545454545
"118",171,3,0.802062673542245,0.783333333333333,0.713157894736842,0.787790697674419,0.748618784530387,0.765755053507729,0.708955223880597,0.780821917808219,0.743155149934811
"119",181,3,0.809599365331218,0.785714285714286,0.721621621621622,0.776162790697674,0.747899159663866,0.762187871581451,0.708860759493671,0.767123287671233,0.736842105263158
"120",191,3,0.805632685442285,0.777380952380952,0.70712401055409,0.779069767441861,0.741355463347165,0.758620689655172,0.7109375,0.747945205479452,0.728971962616822
"121",201,3,0.804839349464498,0.773809523809524,0.701570680628272,0.779069767441861,0.738292011019284,0.75743162901308,0.704834605597964,0.758904109589041,0.730870712401055
"122",211,3,0.808806029353431,0.791666666666667,0.725333333333333,0.790697674418605,0.756606397774687,0.764565992865636,0.719160104986877,0.750684931506849,0.734584450402145
"123",221,3,0.806426021420071,0.78452380952381,0.713910761154856,0.790697674418605,0.750344827586207,0.763376932223543,0.705445544554455,0.780821917808219,0.741222366710013
"124",231,3,0.807219357397858,0.770238095238095,0.692111959287532,0.790697674418605,0.738127544097693,0.755053507728894,0.696296296296296,0.772602739726027,0.732467532467532
"125",241,3,0.78817929393098,0.761904761904762,0.689473684210526,0.761627906976744,0.723756906077348,0.753864447086801,0.700507614213198,0.756164383561644,0.727272727272727
"126",251,3,0.800476001586672,0.780952380952381,0.698019801980198,0.819767441860465,0.754010695187166,0.762187871581451,0.703703703703704,0.780821917808219,0.74025974025974
"127",261,3,0.780245934153114,0.770238095238095,0.688279301745636,0.802325581395349,0.740939597315436,0.728894173602854,0.671679197994987,0.734246575342466,0.701570680628272
"128",271,3,0.785402618008727,0.753571428571429,0.669135802469136,0.787790697674419,0.723631508678238,0.746730083234245,0.682692307692308,0.778082191780822,0.727272727272727
"129",281,3,0.758032526775089,0.741666666666667,0.654501216545012,0.781976744186046,0.712582781456954,0.730083234244946,0.666666666666667,0.756164383561644,0.708600770218228
"130",291,3,0.78222927409758,0.758333333333333,0.679389312977099,0.776162790697674,0.724559023066486,0.741973840665874,0.686868686868687,0.745205479452055,0.71484888304862
"131",301,3,0.803649345497818,0.780952380952381,0.713903743315508,0.776162790697674,0.743732590529248,0.752675386444709,0.69873417721519,0.756164383561644,0.726315789473684
"132",311,3,0.786592621975407,0.780952380952381,0.712765957446808,0.779069767441861,0.744444444444444,0.756242568370987,0.699004975124378,0.76986301369863,0.732724902216428
"133",321,3,0.777072590241968,0.761904761904762,0.685567010309278,0.773255813953488,0.726775956284153,0.745541022592152,0.68922305764411,0.753424657534247,0.719895287958115
"134",331,3,0.792939309797699,0.759523809523809,0.684895833333333,0.76453488372093,0.722527472527473,0.740784780023781,0.688946015424165,0.734246575342466,0.710875331564987
"135",341,3,0.776279254264181,0.747619047619048,0.672774869109948,0.747093023255814,0.707988980716253,0.730083234244946,0.6751269035533,0.728767123287671,0.700922266139657
"136",351,3,0.776675922253074,0.738095238095238,0.649038461538462,0.784883720930233,0.710526315789474,0.726516052318668,0.661870503597122,0.756164383561644,0.705882352941177
"137",361,3,0.787782625942086,0.754761904761905,0.671641791044776,0.784883720930233,0.723860589812332,0.737217598097503,0.677339901477833,0.753424657534247,0.713359273670558
"138",371,3,0.781435938119794,0.770238095238095,0.692111959287532,0.790697674418605,0.738127544097693,0.732461355529132,0.668269230769231,0.761643835616438,0.71190781049936
"139",381,3,0.769139230464102,0.757142857142857,0.677664974619289,0.776162790697674,0.723577235772358,0.725326991676576,0.658767772511848,0.761643835616438,0.706480304955527
"140",391,3,0.762395874652915,0.755952380952381,0.68241469816273,0.755813953488372,0.717241379310345,0.718192627824019,0.660804020100503,0.720547945205479,0.689384010484928
"141",401,3,0.771915906386355,0.764285714285714,0.6825,0.793604651162791,0.733870967741935,0.732461355529132,0.666666666666667,0.767123287671233,0.713375796178344
"142",411,3,0.765172550575169,0.746428571428571,0.664987405541562,0.767441860465116,0.712550607287449,0.741973840665874,0.680487804878049,0.764383561643836,0.72
"143",421,3,0.746529155097184,0.719047619047619,0.632352941176471,0.75,0.686170212765957,0.70986920332937,0.649382716049383,0.720547945205479,0.683116883116883
"144",431,3,0.764775882586275,0.740476190476191,0.66578947368421,0.73546511627907,0.698895027624309,0.720570749108205,0.675675675675676,0.684931506849315,0.680272108843537
"145",441,3,0.771519238397461,0.754761904761905,0.666666666666667,0.802325581395349,0.728232189973615,0.728894173602854,0.665060240963855,0.756164383561644,0.707692307692308
"146",451,3,0.755652518841729,0.722619047619048,0.639798488664987,0.738372093023256,0.685560053981107,0.714625445897741,0.65281173594132,0.731506849315068,0.689922480620155
"147",461,3,0.761602538675129,0.741666666666667,0.656019656019656,0.776162790697674,0.711051930758988,0.720570749108205,0.654761904761905,0.753424657534247,0.700636942675159
"148",471,3,0.771519238397461,0.740476190476191,0.661538461538462,0.75,0.70299727520436,0.733650416171225,0.674074074074074,0.747945205479452,0.709090909090909
"149",481,3,0.745339151130504,0.725,0.65564738292011,0.691860465116279,0.673267326732673,0.714625445897741,0.660668380462725,0.704109589041096,0.681697612732095
"150",491,3,0.723919079730266,0.719047619047619,0.631067961165049,0.755813953488372,0.687830687830688,0.721759809750297,0.654846335697399,0.758904109589041,0.703045685279188
"151",1,4,0.948433161443871,0.836904761904762,0.789915966386555,0.819767441860465,0.804564907275321,0.802615933412604,0.769647696476965,0.778082191780822,0.773841961852861
"152",11,4,0.955969853232844,0.819047619047619,0.769662921348315,0.796511627906977,0.782857142857143,0.795481569560048,0.767313019390582,0.758904109589041,0.763085399449036
"153",21,4,0.956366521221737,0.80952380952381,0.756983240223464,0.787790697674419,0.772079772079772,0.787158145065398,0.76271186440678,0.73972602739726,0.751043115438108
"154",31,4,0.916699722332408,0.79047619047619,0.742774566473988,0.747093023255814,0.744927536231884,0.776456599286564,0.73474801061008,0.758904109589041,0.746630727762803
"155",41,4,0.942483141610472,0.794047619047619,0.735537190082645,0.776162790697674,0.755304101838755,0.765755053507729,0.735955056179775,0.717808219178082,0.726768377253814
"156",51,4,0.918683062276874,0.786904761904762,0.723577235772358,0.776162790697674,0.748948106591865,0.768133174791914,0.741477272727273,0.715068493150685,0.728033472803347
"157",61,4,0.923046410154701,0.778571428571429,0.719444444444444,0.752906976744186,0.735795454545455,0.776456599286564,0.745152354570637,0.736986301369863,0.741046831955923
"158",71,4,0.900833002776676,0.777380952380952,0.709333333333333,0.773255813953488,0.739916550764951,0.724137931034483,0.675461741424802,0.701369863013699,0.688172043010753
"159",81,4,0.907576358587862,0.766666666666667,0.698924731182796,0.755813953488372,0.726256983240223,0.744351961950059,0.708333333333333,0.698630136986301,0.703448275862069
"160",91,4,0.917493058310194,0.769047619047619,0.702702702702703,0.755813953488372,0.728291316526611,0.730083234244946,0.698275862068966,0.665753424657534,0.681626928471248
"161",101,4,0.9289964299881,0.770238095238095,0.715099715099715,0.729651162790698,0.722302158273381,0.760998810939358,0.738372093023256,0.695890410958904,0.716502115655853
"162",111,4,0.923046410154701,0.782142857142857,0.719346049046321,0.767441860465116,0.742616033755274,0.75743162901308,0.729344729344729,0.701369863013699,0.715083798882682
"163",121,4,0.934153113843713,0.780952380952381,0.720994475138122,0.758720930232558,0.739376770538244,0.764565992865636,0.737891737891738,0.70958904109589,0.723463687150838
"164",131,4,0.919873066243554,0.779761904761905,0.716621253405995,0.76453488372093,0.739803094233474,0.744351961950059,0.723214285714286,0.665753424657534,0.693295292439372
"165",141,4,0.925029750099167,0.771428571428571,0.715909090909091,0.732558139534884,0.724137931034483,0.758620689655172,0.731428571428571,0.701369863013699,0.716083916083916
"166",151,4,0.902419674732249,0.779761904761905,0.731778425655977,0.729651162790698,0.730713245997089,0.772889417360285,0.765243902439024,0.687671232876712,0.724386724386724
"167",161,4,0.865926219754066,0.725,0.637469586374696,0.761627906976744,0.694039735099338,0.726516052318668,0.665036674816626,0.745205479452055,0.702842377260982
"168",171,4,0.920666402221341,0.803571428571429,0.743869209809264,0.793604651162791,0.767932489451477,0.777645659928656,0.737967914438503,0.756164383561644,0.746955345060893
"169",181,4,0.914319714399048,0.771428571428571,0.706521739130435,0.755813953488372,0.730337078651685,0.764565992865636,0.740634005763689,0.704109589041096,0.72191011235955
"170",191,4,0.915509718365728,0.779761904761905,0.720221606648199,0.755813953488372,0.73758865248227,0.74910820451843,0.716292134831461,0.698630136986301,0.707350901525659
"171",201,4,0.893296310987703,0.763095238095238,0.692307692307692,0.758720930232558,0.723994452149792,0.73602853745541,0.6991643454039,0.687671232876712,0.693370165745856
"172",211,4,0.907576358587862,0.785714285714286,0.735632183908046,0.744186046511628,0.739884393063584,0.762187871581451,0.736389684813754,0.704109589041096,0.719887955182073
"173",221,4,0.92423641412138,0.782142857142857,0.724233983286908,0.755813953488372,0.739687055476529,0.766944114149822,0.736694677871149,0.720547945205479,0.728531855955679
"174",231,4,0.915509718365728,0.771428571428571,0.719653179190751,0.723837209302326,0.721739130434783,0.743162901307967,0.722388059701493,0.663013698630137,0.691428571428572
"175",241,4,0.903213010710036,0.788095238095238,0.737142857142857,0.75,0.743515850144092,0.756242568370987,0.723463687150838,0.70958904109589,0.716459197786999
"176",251,4,0.919079730265768,0.776190476190476,0.71195652173913,0.761627906976744,0.735955056179775,0.755053507728894,0.725212464589235,0.701369863013699,0.713091922005571
"177",261,4,0.904006346687822,0.770238095238095,0.704607046070461,0.755813953488372,0.729312762973352,0.740784780023781,0.722054380664653,0.654794520547945,0.686781609195402
"178",271,4,0.914716382387941,0.788095238095238,0.718421052631579,0.793604651162791,0.75414364640884,0.756242568370987,0.729885057471264,0.695890410958904,0.712482468443198
"179",281,4,0.908766362554542,0.778571428571429,0.704663212435233,0.790697674418605,0.745205479452055,0.752675386444709,0.727536231884058,0.687671232876712,0.707042253521127
"180",291,4,0.893692978976597,0.771428571428571,0.705405405405405,0.758720930232558,0.73109243697479,0.73602853745541,0.70487106017192,0.673972602739726,0.689075630252101
"181",301,4,0.880602935343118,0.782142857142857,0.719346049046321,0.767441860465116,0.742616033755274,0.746730083234245,0.713483146067416,0.695890410958904,0.704576976421637
"182",311,4,0.898056326854423,0.78452380952381,0.718498659517426,0.779069767441861,0.747559274755927,0.745541022592152,0.709141274238227,0.701369863013699,0.705234159779614
"183",321,4,0.873066243554145,0.751190476190476,0.685950413223141,0.723837209302326,0.704384724186705,0.733650416171225,0.704347826086957,0.665753424657534,0.684507042253521
"184",331,4,0.89527965093217,0.791666666666667,0.736694677871149,0.76453488372093,0.750356633380885,0.728894173602854,0.689750692520776,0.682191780821918,0.685950413223141
"185",341,4,0.905196350654502,0.792857142857143,0.741477272727273,0.758720930232558,0.75,0.75743162901308,0.736070381231672,0.687671232876712,0.711048158640227
"186",351,4,0.908369694565649,0.783333333333333,0.730113636363636,0.747093023255814,0.738505747126437,0.7705112960761,0.744318181818182,0.717808219178082,0.730822873082287
"187",361,4,0.912336374454581,0.772619047619048,0.701846965699208,0.773255813953488,0.73582295988935,0.765755053507729,0.728260869565217,0.734246575342466,0.731241473396999
"188",371,4,0.877032923443078,0.754761904761905,0.694915254237288,0.715116279069767,0.70487106017192,0.73602853745541,0.698060941828255,0.69041095890411,0.694214876033058
"189",381,4,0.895676318921063,0.778571428571429,0.727011494252874,0.73546511627907,0.73121387283237,0.75743162901308,0.746177370030581,0.668493150684932,0.705202312138728
"190",391,4,0.893692978976597,0.759523809523809,0.689839572192513,0.75,0.718662952646239,0.752675386444709,0.71866295264624,0.706849315068493,0.712707182320442
"191",401,4,0.885362951209837,0.766666666666667,0.705555555555556,0.738372093023256,0.721590909090909,0.740784780023781,0.69811320754717,0.70958904109589,0.703804347826087
"192",411,4,0.89646965489885,0.779761904761905,0.733137829912023,0.726744186046512,0.72992700729927,0.746730083234245,0.723529411764706,0.673972602739726,0.697872340425532
"193",421,4,0.893296310987703,0.772619047619048,0.71191135734072,0.747093023255814,0.729078014184397,0.73602853745541,0.694822888283379,0.698630136986301,0.69672131147541
"194",431,4,0.900436334787783,0.764285714285714,0.707386363636364,0.723837209302326,0.71551724137931,0.741973840665874,0.724242424242424,0.654794520547945,0.687769784172662
"195",441,4,0.892502975009917,0.782142857142857,0.731988472622478,0.738372093023256,0.735166425470333,0.728894173602854,0.714733542319749,0.624657534246575,0.666666666666667
"196",451,4,0.900833002776676,0.771428571428571,0.706521739130435,0.755813953488372,0.730337078651685,0.753864447086801,0.729651162790698,0.687671232876712,0.708039492242595
"197",461,4,0.842919476398255,0.723809523809524,0.632075471698113,0.779069767441861,0.697916666666667,0.695600475624257,0.638676844783715,0.687671232876712,0.662269129287599
"198",471,4,0.903213010710036,0.777380952380952,0.717451523545706,0.752906976744186,0.734751773049645,0.744351961950059,0.709497206703911,0.695890410958904,0.702627939142462
"199",481,4,0.846489488298294,0.717857142857143,0.626477541371158,0.770348837209302,0.691003911342895,0.711058263971463,0.647342995169082,0.734246575342466,0.68806161745828
"200",491,4,0.902816342721142,0.783333333333333,0.713157894736842,0.787790697674419,0.748618784530387,0.758620689655172,0.715425531914894,0.736986301369863,0.726045883940621
